allocator,mode,case,captured,bytes,rounds,astral_ns,configparser_ns,speedup,change_percent,min_change_percent,max_change_percent,slower_rounds
jemalloc,extract,comments,False,28026,6,13327.3031,25897.0071,1.9432,-48.5373,-50.6718,-47.0197,0
jemalloc,extract,crlf,False,28,6,253.0085,1204.7338,4.7616,-78.9988,-85.8752,-72.1983,0
jemalloc,extract,empty,False,0,6,37.9841,424.7643,11.1827,-91.0576,-91.5913,-90.7515,0
jemalloc,extract,entry-points-babel,True,750,6,1231.9084,8390.9783,6.8114,-85.3187,-85.6835,-84.7591,0
jemalloc,extract,entry-points-cffi,True,132,6,394.7718,2202.3249,5.5787,-82.0748,-82.435,-81.7773,0
jemalloc,extract,entry-points-keyring,True,334,6,804.8652,4917.7358,6.11,-83.6334,-84.5029,-82.877,0
jemalloc,extract,entry-points-pip,True,84,6,321.2713,1709.6125,5.3214,-81.2079,-82.1106,-79.4356,0
jemalloc,extract,entry-points-pygments,True,53,6,245.9044,1331.64,5.4153,-81.5337,-82.1386,-81.1372,0
jemalloc,extract,entry-points-pytest,True,77,6,305.2931,1718.4412,5.6288,-82.2343,-83.2935,-81.0972,0
jemalloc,extract,entry-points-setuptools,True,2449,6,3442.6804,27162.3369,7.8899,-87.3255,-88.656,-81.8293,0
jemalloc,extract,entry-points-uvicorn,True,46,6,241.0647,1267.4137,5.2576,-80.9798,-81.5645,-79.9269,0
jemalloc,extract,entry-points-virtualenv,True,1434,6,1853.1991,14866.5181,8.0221,-87.5344,-87.7297,-87.3644,0
jemalloc,extract,external-localized,False,152,6,290.8963,2309.508,7.9393,-87.4044,-87.6554,-87.0966,0
jemalloc,extract,external-message,False,129,6,348.9502,2209.8355,6.3328,-84.2092,-88.2045,-82.2121,0
jemalloc,extract,long-multiline,False,34035,6,52668.1786,417302.1907,7.9232,-87.3789,-87.5144,-87.2623,0
jemalloc,extract,long-value,False,28700,6,1309.2663,156324.9936,119.3989,-99.1625,-99.1751,-99.1356,0
jemalloc,extract,many-options,False,27798,6,107333.9431,514364.9853,4.7922,-79.1327,-80.9468,-75.5245,0
jemalloc,extract,many-sections,False,7314,6,36894.9916,166428.6997,4.5109,-77.8314,-78.4502,-77.0833,0
jemalloc,extract,one-option,False,24,6,243.4042,1101.45,4.5252,-77.9015,-78.5859,-76.5197,0
jemalloc,extract,setup-cfg-requests,True,350,6,909.9685,5642.2243,6.2005,-83.8722,-84.7958,-82.8995,0
jemalloc,extract,setup-cfg-uv,True,53,6,245.5285,1443.0139,5.8772,-82.985,-83.6523,-82.5744,0
jemalloc,extract,setup-multiline,False,84,6,420.5687,2196.4904,5.2227,-80.8527,-81.651,-80.3632,0
jemalloc,extract,unicode,False,61,6,255.9083,1315.5706,5.1408,-80.5477,-81.0145,-79.1671,0
jemalloc,parse,comments,False,28026,6,12935.5311,25218.3103,1.9495,-48.7058,-61.5577,-45.0295,0
jemalloc,parse,crlf,False,28,6,175.1504,1008.3979,5.7573,-82.6308,-83.5019,-81.409,0
jemalloc,parse,empty,False,0,6,21.9084,405.7027,18.5181,-94.5999,-94.8135,-94.4887,0
jemalloc,parse,entry-points-babel,True,750,6,1088.0505,8239.6967,7.5729,-86.795,-86.9936,-86.4796,0
jemalloc,parse,entry-points-cffi,True,132,6,288.0058,2085.4912,7.2411,-86.19,-87.028,-85.1411,0
jemalloc,parse,entry-points-keyring,True,334,6,690.7577,4757.1895,6.8869,-85.4797,-86.1762,-85.05,0
jemalloc,parse,entry-points-pip,True,84,6,209.134,1520.4867,7.2704,-86.2456,-86.6168,-85.5238,0
jemalloc,parse,entry-points-pygments,True,53,6,168.0734,1199.435,7.1364,-85.9873,-86.601,-84.9411,0
jemalloc,parse,entry-points-pytest,True,77,6,199.453,1537.4967,7.7086,-87.0274,-87.7398,-86.4284,0
jemalloc,parse,entry-points-setuptools,True,2449,6,3213.1249,27394.7283,8.5259,-88.271,-88.8766,-87.6552,0
jemalloc,parse,entry-points-uvicorn,True,46,6,163.4701,1128.706,6.9047,-85.517,-85.7778,-85.3475,0
jemalloc,parse,entry-points-virtualenv,True,1434,6,1743.4782,14614.6054,8.3824,-88.0703,-88.4025,-87.7805,0
jemalloc,parse,external-localized,False,152,6,248.0772,2226.9264,8.9767,-88.8601,-89.1599,-88.4766,0
jemalloc,parse,external-message,False,129,6,336.9339,2001.4801,5.9403,-83.1658,-85.0266,-76.6807,0
jemalloc,parse,long-multiline,False,34035,6,51838.6673,418848.1947,8.0798,-87.6235,-87.7814,-87.4404,0
jemalloc,parse,long-value,False,28700,6,519.6609,156585.1113,301.3217,-99.6681,-99.6712,-99.6646,0
jemalloc,parse,many-options,False,27798,6,62074.5317,472095.4637,7.6053,-86.8513,-87.5024,-86.5247,0
jemalloc,parse,many-sections,False,7314,6,36699.7314,167507.5362,4.5643,-78.0907,-78.4983,-77.3057,0
jemalloc,parse,one-option,False,24,6,166.3108,960.9425,5.778,-82.6929,-83.5331,-82.0096,0
jemalloc,parse,setup-cfg-requests,True,350,6,891.6018,5594.5499,6.2747,-84.063,-84.6317,-83.2459,0
jemalloc,parse,setup-cfg-uv,True,53,6,201.5973,1368.2132,6.7869,-85.2657,-85.8229,-85.0069,0
jemalloc,parse,setup-multiline,False,84,6,377.5323,2110.6695,5.5907,-82.1131,-82.9066,-81.212,0
jemalloc,parse,unicode,False,61,6,174.2288,1179.8123,6.7716,-85.2325,-85.6466,-84.8901,0
system,extract,comments,False,28026,6,13468.7995,25072.0344,1.8615,-46.2796,-46.5616,-45.9994,0
system,extract,crlf,False,28,6,281.492,1415.9184,5.03,-80.1195,-80.3761,-79.9016,0
system,extract,empty,False,0,6,37.1346,624.7249,16.8232,-94.0558,-94.1714,-93.9483,0
system,extract,entry-points-babel,True,750,6,1273.0468,9264.6971,7.2776,-86.2592,-86.4563,-86.0115,0
system,extract,entry-points-cffi,True,132,6,422.1408,2517.4931,5.9636,-83.2317,-83.4122,-83.0124,0
system,extract,entry-points-keyring,True,334,6,907.8558,5542.1239,6.1046,-83.619,-83.9047,-83.1732,0
system,extract,entry-points-pip,True,84,6,337.5177,2055.4385,6.0899,-83.5793,-83.7777,-83.4272,0
system,extract,entry-points-pygments,True,53,6,285.8853,1702.3099,5.9545,-83.206,-84.9673,-81.9611,0
system,extract,entry-points-pytest,True,77,6,335.5743,2007.5169,5.9823,-83.2841,-83.5157,-82.8845,0
system,extract,entry-points-setuptools,True,2449,6,3359.9767,34344.4956,10.2216,-90.2168,-90.4186,-89.9235,0
system,extract,entry-points-uvicorn,True,46,6,270.5892,1642.4138,6.0698,-83.5249,-87.4743,-81.7426,0
system,extract,entry-points-virtualenv,True,1434,6,1992.69,17973.6577,9.0198,-88.9133,-89.133,-88.545,0
system,extract,external-localized,False,152,6,304.8034,2558.2543,8.3931,-88.0855,-88.1785,-88.0187,0
system,extract,external-message,False,129,6,357.7048,2246.7894,6.2811,-84.0793,-84.6226,-83.731,0
system,extract,long-multiline,False,34035,6,65042.0556,413211.9553,6.353,-84.2594,-84.637,-83.7744,0
system,extract,long-value,False,28700,6,1335.9916,160334.5918,120.0117,-99.1667,-99.2021,-98.9832,0
system,extract,many-options,False,27798,6,136394.0939,618011.4824,4.5311,-77.9302,-78.3027,-77.4035,0
system,extract,many-sections,False,7314,6,48559.2159,209510.0881,4.3145,-76.8225,-77.3565,-76.2825,0
system,extract,one-option,False,24,6,261.1022,1393.5145,5.337,-81.263,-81.9547,-80.6778,0
system,extract,setup-cfg-requests,True,350,6,974.8599,5980.0312,6.1342,-83.6981,-85.2786,-82.8947,0
system,extract,setup-cfg-uv,True,53,6,262.7099,1769.5701,6.7358,-85.154,-85.22,-85.0887,0
system,extract,setup-multiline,False,84,6,423.4312,2448.2968,5.782,-82.7051,-83.0343,-82.1689,0
system,extract,unicode,False,61,6,284.9924,1598.9785,5.6106,-82.1766,-82.5135,-81.7584,0
system,parse,comments,False,28026,6,13459.4925,23802.3128,1.7684,-43.453,-43.577,-43.2891,0
system,parse,crlf,False,28,6,181.1457,1281.0787,7.0721,-85.8599,-87.545,-85.1834,0
system,parse,empty,False,0,6,21.0816,609.4545,28.9094,-96.5409,-96.6713,-96.4506,0
system,parse,entry-points-babel,True,750,6,1168.6368,9086.1179,7.775,-87.1382,-87.2727,-87.0535,0
system,parse,entry-points-cffi,True,132,6,300.6751,2352.5785,7.8243,-87.2193,-87.4205,-87.1061,0
system,parse,entry-points-keyring,True,334,6,785.5294,5365.0347,6.8298,-85.3584,-85.6661,-85.0957,0
system,parse,entry-points-pip,True,84,6,218.36,1827.1538,8.3676,-88.0492,-88.2157,-87.9151,0
system,parse,entry-points-pygments,True,53,6,177.7471,1485.7099,8.3586,-88.0362,-88.3369,-87.7366,0
system,parse,entry-points-pytest,True,77,6,213.2887,1849.4859,8.6713,-88.4677,-88.8011,-88.0965,0
system,parse,entry-points-setuptools,True,2449,6,3298.5559,34012.8576,10.3114,-90.302,-90.3935,-90.2172,0
system,parse,entry-points-uvicorn,True,46,6,170.5618,1392.6058,8.1648,-87.7523,-87.9892,-87.5512,0
system,parse,entry-points-virtualenv,True,1434,6,1864.531,17611.7909,9.4457,-89.4132,-89.5293,-89.0423,0
system,parse,external-localized,False,152,6,259.8181,2486.2337,9.5691,-89.5497,-89.6409,-89.4709,0
system,parse,external-message,False,129,6,348.5941,2162.6881,6.204,-83.8814,-84.1286,-83.6466,0
system,parse,long-multiline,False,34035,6,57017.1696,413082.5624,7.2449,-86.1971,-86.5993,-85.0636,0
system,parse,long-value,False,28700,6,558.7118,163744.4726,293.075,-99.6588,-99.6788,-99.5811,0
system,parse,many-options,False,27798,6,61794.9798,539083.0541,8.7237,-88.537,-88.6288,-88.4208,0
system,parse,many-sections,False,7314,6,47935.0165,209469.7333,4.3699,-77.116,-78.1192,-76.3665,0
system,parse,one-option,False,24,6,172.5824,1228.189,7.1165,-85.9482,-86.3955,-85.6245,0
system,parse,setup-cfg-requests,True,350,6,931.4612,5978.638,6.4186,-84.4202,-85.1869,-83.8167,0
system,parse,setup-cfg-uv,True,53,6,217.553,1701.6605,7.8218,-87.2153,-87.9483,-86.9835,0
system,parse,setup-multiline,False,84,6,387.5557,2355.2907,6.0773,-83.5453,-83.818,-83.1112,0
system,parse,unicode,False,61,6,178.9811,1422.5608,7.9481,-87.4184,-87.6109,-87.0652,0
