allocator,mode,case,captured,base_ns,candidate_ns,change_percent,min_change_percent,max_change_percent,slower_rounds,control_base_ns,control_candidate_ns,control_change_percent,control_min_change_percent,control_max_change_percent,control_slower_rounds
system,parse,comments,False,14325.0189,12660.6526,-11.6186,-13.4679,-9.1485,0,24519.64,24216.9908,-1.2343,-2.7495,0.5288,2
system,parse,crlf,False,219.7766,213.7564,-2.7392,-4.069,-1.5201,0,1197.5806,1237.204,3.3086,1.4368,5.6569,6
system,parse,empty,False,40.0069,39.1908,-2.04,-5.1815,1.0772,1,594.7481,603.4891,1.4697,0.0566,3.6306,6
system,parse,entry-points-babel,True,1431.4252,1404.3852,-1.889,-2.7763,0.3967,1,9070.8264,9049.8469,-0.2313,-1.3737,0.619,2
system,parse,entry-points-cffi,True,369.2587,366.8642,-0.6484,-2.1719,1.1313,2,2322.1899,2367.8582,1.9666,0.0761,5.3643,6
system,parse,entry-points-keyring,True,945.4559,936.8548,-0.9097,-1.6729,-0.3542,0,5237.3122,5331.5256,1.7989,0.4767,4.1685,6
system,parse,entry-points-pip,True,268.7793,268.0761,-0.2617,-0.7233,0.1314,2,1793.3962,1808.7015,0.8534,-4.968,5.8655,5
system,parse,entry-points-pygments,True,219.808,217.3934,-1.0985,-7.0756,1.1471,2,1397.018,1443.9603,3.3602,1.6983,5.9716,6
system,parse,entry-points-pytest,True,279.8286,265.3741,-5.1655,-13.51,-1.559,0,1788.5052,1840.3652,2.8996,1.3848,5.7705,6
system,parse,entry-points-setuptools,True,4110.9329,4045.6038,-1.5892,-2.6591,-0.6292,0,34146.7067,34012.6311,-0.3926,-1.0412,0.7472,2
system,parse,entry-points-uvicorn,True,217.5858,217.1724,-0.19,-2.189,7.186,1,1354.3933,1395.2351,3.0155,-1.8233,8.3096,5
system,parse,entry-points-virtualenv,True,2267.5905,2234.0691,-1.4783,-3.2608,1.1979,2,17635.7095,17569.4155,-0.3759,-1.9317,1.6442,2
system,parse,external-localized,False,331.2692,327.098,-1.2592,-4.8344,0.6312,1,2541.7647,2544.2894,0.0993,-2.4786,3.0461,4
system,parse,external-message,False,380.1667,369.8887,-2.7036,-6.941,0.0141,1,2128.5519,2148.6049,0.9421,0.1715,1.6053,6
system,parse,long-multiline,False,56009.7863,51148.1354,-8.68,-9.4232,-7.7827,0,405676.8762,414088.1684,2.0734,-0.1168,8.8396,5
system,parse,long-value,False,561.5749,549.5777,-2.1363,-8.0051,0.0521,1,166005.1623,164602.125,-0.8452,-4.5566,0.2799,2
system,parse,many-options,False,80413.9185,77563.4997,-3.5447,-3.9791,-2.4249,0,532627.4045,532440.4866,-0.0351,-0.7077,0.6163,3
system,parse,many-sections,False,51498.8735,51792.7299,0.5706,-1.9657,4.9026,3,201812.6898,204903.9581,1.5318,-0.8817,2.5652,5
system,parse,one-option,False,214.1566,210.7887,-1.5727,-3.1902,-0.1283,0,1178.741,1228.3955,4.2125,1.2579,9.6087,6
system,parse,setup-cfg-requests,True,1054.5526,1022.5084,-3.0387,-7.9374,1.2453,2,5729.4386,5697.066,-0.565,-3.1164,0.4872,3
system,parse,setup-cfg-uv,True,274.5068,268.3027,-2.2601,-10.4015,-0.2023,0,1673.3165,1681.9969,0.5188,-2.2976,4.6674,3
system,parse,setup-multiline,False,458.1869,434.0353,-5.2711,-13.9875,3.0414,2,2343.6247,2325.7649,-0.7621,-3.9773,2.9273,2
system,parse,unicode,False,227.176,233.1277,2.6199,0.1309,6.8813,6,1402.4601,1425.5147,1.6439,-0.718,6.2633,5
system,extract,comments,False,14361.1833,12682.0028,-11.6925,-13.6301,-9.0166,0,24655.2613,24408.0784,-1.0026,-2.8021,0.3593,1
system,extract,crlf,False,291.551,287.5762,-1.3633,-2.9421,3.8066,1,1384.92,1391.167,0.4511,-0.8441,4.0904,3
system,extract,empty,False,45.7553,45.761,0.0125,-1.4771,1.4768,3,612.8013,615.5663,0.4512,-1.3968,3.7421,3
system,extract,entry-points-babel,True,1571.9507,1538.0839,-2.1544,-3.1185,-0.112,0,9266.4681,9248.7926,-0.1907,-1.6563,1.896,2
system,extract,entry-points-cffi,True,504.493,506.9136,0.4798,-0.4982,2.7303,3,2510.1253,2512.745,0.1044,-1.5428,3.5693,2
system,extract,entry-points-keyring,True,1086.4345,1059.788,-2.4527,-4.6099,-1.0554,0,5442.0091,5505.6437,1.1693,-0.1344,3.8549,5
system,extract,entry-points-pip,True,387.1137,374.2044,-3.3348,-5.0056,-1.5709,0,2039.0805,2014.6575,-1.1977,-5.2318,2.5871,2
system,extract,entry-points-pygments,True,299.7285,292.7423,-2.3309,-3.4953,-1.2422,0,1587.5535,1603.872,1.0279,-0.6997,3.6502,4
system,extract,entry-points-pytest,True,386.2498,373.9324,-3.189,-5.8762,-0.468,0,1986.4473,2004.9253,0.9302,-1.184,3.4847,5
system,extract,entry-points-setuptools,True,4215.7347,4109.0221,-2.5313,-3.8093,1.9359,1,34289.0215,34320.1034,0.0906,-1.3125,3.8528,2
system,extract,entry-points-uvicorn,True,295.2074,293.6573,-0.5251,-4.1697,3.6689,3,1723.4392,1552.8255,-9.8996,-50.0663,5.5944,3
system,extract,entry-points-virtualenv,True,2478.362,2384.4019,-3.7912,-5.7436,-0.6801,0,17909.4102,17830.1924,-0.4423,-2.4022,1.2977,2
system,extract,external-localized,False,397.2929,384.0957,-3.3218,-19.2506,1.6934,2,2634.8495,2613.5214,-0.8095,-5.9824,2.5204,4
system,extract,external-message,False,386.3438,381.21,-1.3288,-5.8404,5.662,2,2206.2065,2204.7505,-0.066,-0.7065,1.3377,2
system,extract,long-multiline,False,64863.9134,60400.3303,-6.8815,-7.7032,-5.6669,0,406080.1245,414859.8061,2.1621,-0.1102,9.329,5
system,extract,long-value,False,1313.9607,1290.1045,-1.8156,-5.5657,-0.4687,0,166157.3222,165994.0475,-0.0983,-1.9809,2.2186,2
system,extract,many-options,False,152874.521,152620.0659,-0.1664,-2.3017,7.4081,1,606815.6496,622191.1086,2.5338,0.3135,12.8311,6
system,extract,many-sections,False,52062.99,51469.706,-1.1396,-5.0287,2.4117,2,202424.9019,204449.7356,1.0003,0.0173,2.1782,6
system,extract,one-option,False,284.9138,284.6281,-0.1003,-1.6456,1.6228,2,1375.2361,1387.4319,0.8868,-2.1221,8.0289,2
system,extract,setup-cfg-requests,True,1122.8692,1073.2784,-4.4164,-10.5586,0.9269,1,5741.364,5775.0718,0.5871,-3.0983,3.7208,5
system,extract,setup-cfg-uv,True,326.5225,326.0505,-0.1445,-4.9173,6.5685,2,1751.5257,1750.8994,-0.0358,-3.5767,4.2233,3
system,extract,setup-multiline,False,511.0477,495.8359,-2.9766,-8.5603,4.9127,2,2428.0579,2400.1148,-1.1508,-4.9457,1.818,2
system,extract,unicode,False,309.2806,319.0399,3.1555,1.1979,6.2028,6,1597.259,1592.2312,-0.3148,-2.2479,4.1623,1
jemalloc,parse,comments,False,14648.1054,12663.3906,-13.5493,-15.0262,-12.595,0,23768.0509,23631.3666,-0.5751,-2.1457,2.4275,2
jemalloc,parse,crlf,False,214.4375,208.9452,-2.5613,-5.183,1.7985,1,959.3077,1000.5996,4.3043,-3.1161,46.0982,1
jemalloc,parse,empty,False,40.0851,39.7903,-0.7354,-3.0679,0.8624,3,397.4298,427.9007,7.667,3.9761,10.0068,6
jemalloc,parse,entry-points-babel,True,1363.7535,1349.6689,-1.0328,-4.404,2.3319,2,7929.5038,8181.6748,3.1802,0.0356,15.9288,6
jemalloc,parse,entry-points-cffi,True,354.9483,354.0648,-0.2489,-0.8366,1.282,2,1976.7401,1960.102,-0.8417,-1.3067,-0.3802,0
jemalloc,parse,entry-points-keyring,True,928.1496,874.6299,-5.7663,-11.6503,-2.9365,0,4604.34,4551.821,-1.1406,-3.1462,-0.0862,0
jemalloc,parse,entry-points-pip,True,268.021,257.4349,-3.9497,-7.7551,-1.759,0,1472.5193,1472.8288,0.021,-2.7303,2.2347,4
jemalloc,parse,entry-points-pygments,True,210.6918,209.229,-0.6943,-1.8603,0.5489,2,1161.082,1152.9695,-0.6987,-4.3177,1.7463,2
jemalloc,parse,entry-points-pytest,True,264.1658,256.1709,-3.0265,-4.8906,-0.9651,0,1479.9063,1463.8119,-1.0875,-3.6439,0.7103,1
jemalloc,parse,entry-points-setuptools,True,4052.1804,3937.7183,-2.8247,-5.5308,0.899,1,25717.4693,28002.1036,8.8836,-0.0144,62.4256,5
jemalloc,parse,entry-points-uvicorn,True,216.6164,212.4785,-1.9102,-13.4731,2.8879,3,1097.6608,1103.7361,0.5535,-1.8228,3.7137,4
jemalloc,parse,entry-points-virtualenv,True,2189.2801,2087.1925,-4.6631,-5.7104,-3.3989,0,13889.5349,13917.0558,0.1981,-1.1371,1.1987,4
jemalloc,parse,external-localized,False,332.5818,318.401,-4.2639,-15.302,0.4461,1,2132.3145,2128.7538,-0.167,-3.7007,0.9048,5
jemalloc,parse,external-message,False,366.3428,363.7076,-0.7193,-3.2806,3.8144,1,1899.8038,1874.2973,-1.3426,-2.6579,0.7893,1
jemalloc,parse,long-multiline,False,56783.4178,53057.8019,-6.5611,-7.8493,-3.7226,0,398133.3806,388533.1263,-2.4113,-9.4314,3.4316,2
jemalloc,parse,long-value,False,558.8048,551.3101,-1.3412,-2.412,-0.6936,0,145725.5218,145600.0164,-0.0861,-0.7433,1.3069,3
jemalloc,parse,many-options,False,81096.4624,76195.2671,-6.0437,-6.3448,-5.7309,0,444886.3569,443969.1767,-0.2062,-0.8983,0.7442,3
jemalloc,parse,many-sections,False,43233.2323,42911.9428,-0.7432,-3.2898,4.1631,1,161718.7697,157980.1524,-2.3118,-3.0147,-1.5706,0
jemalloc,parse,one-option,False,212.6266,209.9476,-1.26,-17.0219,12.586,2,924.0545,913.0449,-1.1914,-2.8349,0.1973,1
jemalloc,parse,setup-cfg-requests,True,1032.0819,998.2072,-3.2822,-6.1186,-1.4469,0,5271.7118,5091.6111,-3.4164,-5.007,-1.68,0
jemalloc,parse,setup-cfg-uv,True,267.9272,261.5161,-2.3929,-5.9485,3.0887,2,1299.6803,1287.1215,-0.9663,-2.3285,1.6669,2
jemalloc,parse,setup-multiline,False,459.5903,451.8373,-1.6869,-2.6955,-0.8623,0,2008.7122,1984.6024,-1.2003,-1.9757,0.072,1
jemalloc,parse,unicode,False,221.6078,223.9166,1.0419,-1.6614,9.9886,2,1156.6183,1113.8123,-3.701,-6.7018,-1.1219,0
jemalloc,extract,comments,False,14675.6959,12765.4028,-13.0167,-15.0563,-10.7682,0,24940.2213,23463.8798,-5.9195,-7.6202,-4.4839,0
jemalloc,extract,crlf,False,288.7027,278.5069,-3.5316,-4.539,-1.7538,0,1084.1115,1073.9491,-0.9374,-1.6822,-0.3139,0
jemalloc,extract,empty,False,46.3953,46.5134,0.2544,-2.2272,2.3946,3,409.2275,440.8079,7.7171,1.3128,12.4031,6
jemalloc,extract,entry-points-babel,True,1485.7201,1471.252,-0.9738,-3.5267,5.8937,1,8847.2805,8289.5578,-6.3039,-41.8504,15.6038,4
jemalloc,extract,entry-points-cffi,True,474.9976,477.2994,0.4846,-2.6449,4.7583,3,2116.3327,2090.8988,-1.2018,-1.9011,-0.0574,0
jemalloc,extract,entry-points-keyring,True,1042.1318,1001.0109,-3.9458,-7.2718,-1.5153,0,4730.5471,4719.0564,-0.2429,-1.0034,0.2875,3
jemalloc,extract,entry-points-pip,True,373.2342,351.656,-5.7814,-8.2124,-3.6339,0,1663.4471,1644.5284,-1.1373,-3.3332,1.7739,1
jemalloc,extract,entry-points-pygments,True,283.4909,280.1236,-1.1878,-2.8983,0.2148,1,1297.5384,1283.5657,-1.0769,-3.4279,1.3263,2
jemalloc,extract,entry-points-pytest,True,369.2752,348.7383,-5.5614,-10.1595,-2.7811,0,1662.6216,1641.6357,-1.2622,-2.8253,0.4153,1
jemalloc,extract,entry-points-setuptools,True,4159.0602,3935.3387,-5.3791,-7.0093,-3.3417,0,26198.9134,25866.8004,-1.2677,-6.2008,0.9224,4
jemalloc,extract,entry-points-uvicorn,True,287.0303,278.8589,-2.8469,-7.3378,-0.1836,0,1235.318,1227.5891,-0.6257,-3.3716,1.9818,3
jemalloc,extract,entry-points-virtualenv,True,2356.4479,2223.2763,-5.6514,-11.9904,-3.6372,0,14433.8187,14012.5061,-2.9189,-16.0595,1.1094,2
jemalloc,extract,external-localized,False,394.451,370.6144,-6.043,-14.6101,-3.3189,0,2190.1594,2234.2848,2.0147,0.9995,3.0146,6
jemalloc,extract,external-message,False,395.104,384.9058,-2.5812,-3.4728,-0.4267,0,1949.8302,1963.6977,0.7112,-0.5877,3.3851,4
jemalloc,extract,long-multiline,False,57551.2458,53844.6104,-6.4406,-8.0089,-3.4056,0,397311.045,388663.5268,-2.1765,-9.7316,3.2055,3
jemalloc,extract,long-value,False,1346.1649,1328.7711,-1.2921,-5.2729,1.0411,2,146887.0951,146165.1294,-0.4915,-1.2004,0.1205,1
jemalloc,extract,many-options,False,123586.2217,118524.4805,-4.0957,-5.6313,-3.1284,0,487298.4644,486915.8574,-0.0785,-0.529,0.3248,3
jemalloc,extract,many-sections,False,44825.7399,44585.9987,-0.5348,-2.3652,0.6178,2,161766.9315,158227.2867,-2.1881,-2.4877,-1.6871,0
jemalloc,extract,one-option,False,281.36,279.8311,-0.5434,-5.8793,4.7453,2,1071.5978,1045.6674,-2.4198,-5.805,0.1387,1
jemalloc,extract,setup-cfg-requests,True,1096.5089,1060.1081,-3.3197,-7.1408,-1.0339,0,5339.8158,5190.8132,-2.7904,-4.5146,-0.5469,0
jemalloc,extract,setup-cfg-uv,True,329.557,311.4694,-5.4884,-8.0895,-0.8807,0,1381.0464,1376.7456,-0.3114,-2.2366,2.2175,3
jemalloc,extract,setup-multiline,False,522.6277,506.2722,-3.1295,-7.1516,-1.5447,0,2091.6445,2064.3436,-1.3052,-2.8687,1.0592,1
jemalloc,extract,unicode,False,300.8243,285.3912,-5.1303,-7.4115,-2.2715,0,1283.1261,1230.6345,-4.0909,-8.4511,-1.1376,0
